{
    "userData": {
        "harvest.renCrv": {
            "0xe0f90546f467e1664dcbd9a93e485920ce3b78a2": {
                "shareSeconds": 1343491704372051641253800,
                "totals": {
                    "0xa0246c9032bC3A600820415aE600c6388619A14D": 6.624039147941413e16
                }
            },
            "0xda9f28a1b0ce18b011a404f3372d98c3e3143569": {
                "shareSeconds": 370076785658288492826,
                "totals": {
                    "0xa0246c9032bC3A600820415aE600c6388619A14D": 36862252648464.88
                }
            },
            "0xf5015105af6e7f9c4de9d7ed08fafb331ac5b88d": {
                "shareSeconds": 1251597700689709525506,
                "totals": {
                    "0xa0246c9032bC3A600820415aE600c6388619A14D": 124321988366591.33
                }
            },
            "0xd0b53c43d3e0b58909c38487aa0c3af7dfa2d8c0": {
                "shareSeconds": 2905435758893175939634461,
                "totals": {
                    "0xa0246c9032bC3A600820415aE600c6388619A14D": 4.88800500548027e17
                }
            },
            "0x4bf1fbc233cd6109c35a4cd9d34540173af3234c": {
                "shareSeconds": 707654848781725,
                "totals": {
                    "0xa0246c9032bC3A600820415aE600c6388619A14D": 69815492.46427208
                }
            },
            "0x736dde3e0f5c588ddc53ad7f0f65667c0cca2801": {
                "shareSeconds": 11803053839603158336478,
                "totals": {
                    "0xa0246c9032bC3A600820415aE600c6388619A14D": 1104259773337424.8
                }
            },
            "0x2932516d9564cb799dda2c16559cad5b8357a0d6": {
                "shareSeconds": 35953862601594178130,
                "totals": {
                    "0xa0246c9032bC3A600820415aE600c6388619A14D": 3375576816619.464
                }
            },
            "0x26fcbd3afebbe28d0a8684f790c48368d21665b5": {
                "shareSeconds": 188835040193051986442498,
                "totals": {
                    "0xa0246c9032bC3A600820415aE600c6388619A14D": 1.769674384381469e16
                }
            },
            "0x8d32d75ab6f464eab24ecefead84406ab03bb6f2": {
                "shareSeconds": 17559791462612256880684,
                "totals": {
                    "0xa0246c9032bC3A600820415aE600c6388619A14D": 2715811164297399.0
                }
            },
            "0x547f3633ff63876335723975e1553ffb4c27c4ef": {
                "shareSeconds": 3861520571873931259575,
                "totals": {
                    "0xa0246c9032bC3A600820415aE600c6388619A14D": 352970959088853.44
                }
            },
            "0x4d6627043e89a9bf3343b55749e17be667f55ea8": {
                "shareSeconds": 2437054944809111836902,
                "totals": {
                    "0xa0246c9032bC3A600820415aE600c6388619A14D": 219252724483779.06
                }
            },
            "0x986176df2e9dc6225dfb498d1869aba04893dce1": {
                "shareSeconds": 8914860992906393976895,
                "totals": {
                    "0xa0246c9032bC3A600820415aE600c6388619A14D": 3012898590248327.0
                }
            },
            "0xfb71f273284e52e6191b061052c298f10c2a6817": {
                "shareSeconds": 10933969279057685826264,
                "totals": {
                    "0xa0246c9032bC3A600820415aE600c6388619A14D": 4022920934916237.0
                }
            },
            "0xe8887dd449b9c1aa7fd1f29c79471fdcf5cb9468": {
                "shareSeconds": 672918361954089595303760,
                "totals": {
                    "0xa0246c9032bC3A600820415aE600c6388619A14D": 2.3423591578815507e17
                }
            },
            "0x2c00ffe45806950ae8cee08a5cf8f4d375195f1e": {
                "shareSeconds": 96789852270009507960,
                "totals": {
                    "0xa0246c9032bC3A600820415aE600c6388619A14D": 31496839083029.04
                }
            },
            "0xd522cd8cc56badbd1e9a84a9f726dc87667ad73a": {
                "shareSeconds": 567462006624624816715,
                "totals": {
                    "0xa0246c9032bC3A600820415aE600c6388619A14D": 184520106739888.53
                }
            },
            "0x5be10f3434bc1ac6c0a34f86da39ea0095392f21": {
                "shareSeconds": 584362819326202109040,
                "totals": {
                    "0xa0246c9032bC3A600820415aE600c6388619A14D": 145572128787975.47
                }
            },
            "0xe54bee8258a2fe65095516f199034a08c02e35fe": {
                "shareSeconds": 5174646981465355795572,
                "totals": {
                    "0xa0246c9032bC3A600820415aE600c6388619A14D": 1029008228681340.8
                }
            },
            "0xe3b0d08b7794864fa1827f967d085c18995acd84": {
                "shareSeconds": 16993582667671843874238,
                "totals": {
                    "0xa0246c9032bC3A600820415aE600c6388619A14D": 3383471394299265.0
                }
            },
            "0xa97a74f7c3489221b190928b79415cecbfcd7788": {
                "shareSeconds": 376713488646342679752479,
                "totals": {
                    "0xa0246c9032bC3A600820415aE600c6388619A14D": 6.29991515958463e16
                }
            },
            "0xd1d6e9581976b4342c9d0487139a6a3f44344273": {
                "shareSeconds": 58282977192753634007733,
                "totals": {
                    "0xa0246c9032bC3A600820415aE600c6388619A14D": 9393307305999582.0
                }
            },
            "0x1abed56b27691ba3b5c0c68d2b0be0f1638e3d4f": {
                "shareSeconds": 83106470679493146499275,
                "totals": {
                    "0xa0246c9032bC3A600820415aE600c6388619A14D": 1.4421430959758816e16
                }
            },
            "0x4a7fd8f063a6eba78f731f562a5a1e9fbb3313bb": {
                "shareSeconds": 4784972452295102715846,
                "totals": {
                    "0xa0246c9032bC3A600820415aE600c6388619A14D": 824356105474759.8
                }
            },
            "0xb18fbfe3d34fdc227eb4508cde437412b6233121": {
                "shareSeconds": 5422253666128110245359750,
                "totals": {
                    "0xa0246c9032bC3A600820415aE600c6388619A14D": 9.083824494786986e17
                }
            },
            "0x1f0a6d7db80e0c5af146fdb836e04fac0b1e8202": {
                "shareSeconds": 33432088157475167243232,
                "totals": {
                    "0xa0246c9032bC3A600820415aE600c6388619A14D": 3028862828052264.5
                }
            },
            "0xced29ba48490c51e4348e654c313ac97762beccc": {
                "shareSeconds": 6420517163094188795676,
                "totals": {
                    "0xa0246c9032bC3A600820415aE600c6388619A14D": 521524880901642.75
                }
            },
            "0x0955dac0a0f14884d8dfda7295776c2255e843db": {
                "shareSeconds": 22127904894856418791470,
                "totals": {
                    "0xa0246c9032bC3A600820415aE600c6388619A14D": 1763469683251760.2
                }
            },
            "0x2b67a3c0b90f6ae4394210692f69968d02970126": {
                "shareSeconds": 808788732344996582083500,
                "totals": {
                    "0xa0246c9032bC3A600820415aE600c6388619A14D": 5.833768524986643e16
                }
            },
            "0x6b7d1798ebbe7bd79133a2fc6636ab38bcce2fec": {
                "shareSeconds": 193683570769850745360,
                "totals": {
                    "0xa0246c9032bC3A600820415aE600c6388619A14D": 13146891526087.137
                }
            },
            "0x0392c0d81934b52f64aa50c2cfbbcf28cd6141b2": {
                "shareSeconds": 19030035550514357369790,
                "totals": {
                    "0xa0246c9032bC3A600820415aE600c6388619A14D": 809618456818729.9
                }
            },